,Município,Dose,Total Doses Aplicadas
0,BORÁ,UNICA,10
1,NOVA CASTILHO,UNICA,20
2,URU,UNICA,26
3,UNIÃO PAULISTA,UNICA,36
4,TRABIJU,UNICA,35
5,FERNÃO,UNICA,30
6,SANTA SALETE,UNICA,30
7,FLORA RICA,UNICA,19
8,SANTANA DA PONTE PENSA,UNICA,32
9,DIRCE REIS,UNICA,18
10,VITÓRIA BRASIL,UNICA,37
11,SÃO JOÃO DE IRACEMA,UNICA,35
12,MESÓPOLIS,UNICA,36
13,PAULISTÂNIA,UNICA,38
14,ASPÁSIA,UNICA,15
15,TURIÚBA,UNICA,39
16,ARCO-ÍRIS,UNICA,30
17,SANTA CRUZ DA ESPERANÇA,UNICA,40
18,MARINÓPOLIS,UNICA,40
19,GUARANI D'OESTE,UNICA,30
20,SAGRES,UNICA,46
21,NOVA CANAÃ PAULISTA,UNICA,25
22,MONÇÕES,UNICA,50
23,TURMALINA,UNICA,23
24,CRUZÁLIA,UNICA,32
25,SÃO JOÃO DO PAU D'ALHO,UNICA,30
26,BOREBI,UNICA,50
27,EMBAÚBA,UNICA,60
28,ARAPEÍ,UNICA,59
29,DOLCINÓPOLIS,UNICA,54
30,LUCIANÓPOLIS,UNICA,44
31,NOVA GUATAPORANGA,UNICA,35
32,RIBEIRÃO DOS ÍNDIOS,UNICA,44
33,BENTO DE ABREU,UNICA,72
34,SANTA CLARA D'OESTE,UNICA,32
35,LOURDES,UNICA,47
36,BREJO ALEGRE,UNICA,72
37,ÓLEO,UNICA,57
38,SÃO JOÃO DAS DUAS PONTES,UNICA,60
39,TORRE DE PEDRA,UNICA,50
40,PARISI,UNICA,45
41,TAQUARAL,UNICA,59
42,ZACARIAS,UNICA,69
43,PONTES GESTAL,UNICA,61
44,OSCAR BRESSANE,UNICA,45
45,RUBIÁCEA,UNICA,48
46,ALVINLÂNDIA,UNICA,68
47,CÁSSIA DOS COQUEIROS,UNICA,52
48,LUTÉCIA,UNICA,55
49,GABRIEL MONTEIRO,UNICA,62
50,NANTES,UNICA,59
51,TIMBURI,UNICA,39
52,ESTRELA DO NORTE,UNICA,48
53,NOVA LUZITÂNIA,UNICA,126
54,PEDRANÓPOLIS,UNICA,56
55,SANTA MERCEDES,UNICA,53
56,SANTA RITA D'OESTE,UNICA,58
57,MOMBUCA,UNICA,71
58,SANTO EXPEDITO,UNICA,60
59,JUMIRIM,UNICA,99
60,SÃO FRANCISCO,UNICA,43
61,QUEIROZ,UNICA,85
62,RIBEIRA,UNICA,58
63,JERIQUARA,UNICA,71
64,ELISIÁRIO,UNICA,100
65,CÂNDIDO RODRIGUES,UNICA,56
66,MAGDA,UNICA,65
67,BOM SUCESSO DE ITARARÉ,UNICA,77
68,PLATINA,UNICA,77
69,PIQUEROBI,UNICA,53
70,PEDRINHAS PAULISTA,UNICA,55
71,MARAPOAMA,UNICA,71
72,ITAJU,UNICA,97
73,ITAOCA,UNICA,47
74,FLOREAL,UNICA,50
75,MIRA ESTRELA,UNICA,51
76,SUZANÁPOLIS,UNICA,65
77,EMILIANÓPOLIS,UNICA,70
78,ALTAIR,UNICA,115
79,CORUMBATAÍ,UNICA,88
80,MARIÁPOLIS,UNICA,109
81,QUADRA,UNICA,114
82,GASTÃO VIDIGAL,UNICA,151
83,AREIAS,UNICA,71
84,BARÃO DE ANTONINA,UNICA,45
85,PONGAÍ,UNICA,81
86,RUBINÉIA,UNICA,60
87,SARUTAIÁ,UNICA,66
88,IPORANGA,UNICA,31
89,PRACINHA,UNICA,10
90,INÚBIA PAULISTA,UNICA,90
91,SEBASTIANÓPOLIS DO SUL,UNICA,82
92,SANDOVALINA,UNICA,79
93,ITAPIRAPUÃ PAULISTA,UNICA,85
94,PONTALINDA,UNICA,107
95,RIFAINA,UNICA,89
96,REDENÇÃO DA SERRA,UNICA,86
97,SÃO JOSÉ DO BARREIRO,UNICA,88
98,PRESIDENTE ALVES,UNICA,102
99,MURUTINGA DO SUL,UNICA,91
100,CAIABU,UNICA,58
101,CABRÁLIA PAULISTA,UNICA,102
102,ITAPURA,UNICA,75
103,ANHUMAS,UNICA,83
104,MOTUCA,UNICA,123
105,NOVAIS,UNICA,141
106,LUPÉRCIO,UNICA,107
107,SANTÓPOLIS DO AGUAPEÍ,UNICA,162
108,ALTO ALEGRE,UNICA,100
109,TEJUPÁ,UNICA,90
110,MACEDÔNIA,UNICA,80
111,ÁLVARES FLORENCE,UNICA,80
112,PARANAPUÃ,UNICA,91
113,CANAS,UNICA,120
114,MERIDIANO,UNICA,90
115,JOÃO RAMALHO,UNICA,120
116,BURITIZAL,UNICA,97
117,ESPÍRITO SANTO DO TURVO,UNICA,104
118,MONTE CASTELO,UNICA,88
119,MONTEIRO LOBATO,UNICA,89
120,INDIAPORÃ,UNICA,83
121,GLICÉRIO,UNICA,122
122,ONDA VERDE,UNICA,103
123,ÁGUAS DE SÃO PEDRO,UNICA,58
124,FLORÍNEA,UNICA,26
125,JÚLIO MESQUITA,UNICA,118
126,RIBEIRÃO CORRENTE,UNICA,132
127,PRATÂNIA,UNICA,128
128,ANALÂNDIA,UNICA,120
129,BORACÉIA,UNICA,103
130,CAMPOS NOVOS PAULISTA,UNICA,111
131,ADOLFO,UNICA,79
132,OCAUÇU,UNICA,102
133,UBIRAJARA,UNICA,104
134,NIPOÃ,UNICA,155
135,GAVIÃO PEIXOTO,UNICA,127
136,PLANALTO,UNICA,130
137,GUZOLÂNDIA,UNICA,115
138,NOVA INDEPENDÊNCIA,UNICA,88
139,POPULINA,UNICA,84
140,SANTA CRUZ DA CONCEIÇÃO,UNICA,111
141,LUIZIÂNIA,UNICA,121
142,CANITAR,UNICA,141
143,SALMOURÃO,UNICA,128
144,TAQUARIVAÍ,UNICA,130
145,RIBEIRÃO DO SUL,UNICA,80
146,SANTA MARIA DA SERRA,UNICA,173
147,MIRASSOLÂNDIA,UNICA,120
148,AVAÍ,UNICA,40
149,CORONEL MACEDO,UNICA,102
150,APARECIDA D'OESTE,UNICA,78
151,BARRA DO CHAPÉU,UNICA,115
152,MARABÁ PAULISTA,UNICA,59
153,ALFREDO MARCONDES,UNICA,83
154,GUAIMBÊ,UNICA,130
155,INDIANA,UNICA,112
156,BRAÚNA,UNICA,139
157,NARANDIBA,UNICA,124
158,SABINO,UNICA,129
159,JAMBEIRO,UNICA,185
160,ARAMINA,UNICA,134
161,UBARANA,UNICA,160
162,TACIBA,UNICA,156
163,IPIGUÁ,UNICA,120
164,PIACATU,UNICA,133
165,SANTA ERNESTINA,UNICA,164
166,LAGOINHA,UNICA,88
167,LAVRINHAS,UNICA,182
168,COROADOS,UNICA,146
169,RIVERSUL,UNICA,115
170,ALAMBARI,UNICA,171
171,ITIRAPUÃ,UNICA,162
172,GUARANTÃ,UNICA,182
173,BARBOSA,UNICA,115
174,BALBINOS,UNICA,52
175,PARAÍSO,UNICA,164
176,TAIAÇU,UNICA,150
177,CAMPINA DO MONTE ALEGRE,UNICA,127
178,AMÉRICO DE CAMPOS,UNICA,125
179,ANHEMBI,UNICA,148
180,TUIUTI,UNICA,180
181,FERNANDO PRESTES,UNICA,125
182,ÁLVARO DE CARVALHO,UNICA,107
183,ECHAPORÃ,UNICA,126
184,COLÔMBIA,UNICA,160
185,ARANDU,UNICA,150
186,ORIENTE,UNICA,167
187,SILVEIRAS,UNICA,163
188,MENDONÇA,UNICA,120
189,PEDRA BELA,UNICA,165
190,SANTO ANTÔNIO DO JARDIM,UNICA,193
191,IPEÚNA,UNICA,179
192,ÁGUAS DE SANTA BÁRBARA,UNICA,136
193,PARDINHO,UNICA,154
194,TRÊS FRONTEIRAS,UNICA,134
195,ORINDIÚVA,UNICA,195
196,JABORANDI,UNICA,162
197,POLONI,UNICA,151
198,SANTO ANTÔNIO DO PINHAL,UNICA,148
199,IACRI,UNICA,144
200,RESTINGA,UNICA,168
201,SANTA ALBERTINA,UNICA,125
202,SALES,UNICA,146
203,QUINTANA,UNICA,149
204,TAIÚVA,UNICA,158
205,NATIVIDADE DA SERRA,UNICA,148
206,GUATAPARÁ,UNICA,210
207,TARABAI,UNICA,204
208,IBIRAREMA,UNICA,159
209,GÁLIA,UNICA,134
210,NOVA ALIANÇA,UNICA,165
211,LINDÓIA,UNICA,224
212,OURO VERDE,UNICA,170
213,BARRA DO TURVO,UNICA,95
214,PAULICÉIA,UNICA,205
215,IRAPUÃ,UNICA,209
216,SÃO JOSÉ DA BELA VISTA,UNICA,228
217,NUPORANGA,UNICA,171
218,CAIUÁ,UNICA,62
219,CLEMENTINA,UNICA,265
220,SÃO PEDRO DO TURVO,UNICA,160
221,SUD MENNUCCI,UNICA,196
222,SANTA LÚCIA,UNICA,237
223,SANTO ANTÔNIO DA ALEGRIA,UNICA,156
224,ITOBI,UNICA,204
225,SANTO ANTÔNIO DO ARACANGUÁ,UNICA,235
226,JACI,UNICA,187
227,ICÉM,UNICA,240
228,EUCLIDES DA CUNHA PAULISTA,UNICA,206
229,RIBEIRÃO GRANDE,UNICA,171
230,BILAC,UNICA,199
231,VISTA ALEGRE DO ALTO,UNICA,254
232,DOBRADA,UNICA,296
233,PEREIRAS,UNICA,220
234,MACAUBAL,UNICA,206
235,TAPIRAÍ,UNICA,151
236,CATIGUÁ,UNICA,188
237,SALTINHO,UNICA,262
238,HERCULÂNDIA,UNICA,226
239,CRISTAIS PAULISTA,UNICA,215
240,ÁGUAS DA PRATA,UNICA,194
241,GUARAÇAÍ,UNICA,194
242,NOVA CAMPINA,UNICA,226
243,MONTE ALEGRE DO SUL,UNICA,190
244,SALTO GRANDE,UNICA,214
245,IARAS,UNICA,191
246,COSMORAMA,UNICA,175
247,IRAPURU,UNICA,79
248,ARIRANHA,UNICA,258
249,AREALVA,UNICA,194
250,PAULO DE FARIA,UNICA,186
251,IEPÊ,UNICA,184
252,RAFARD,UNICA,246
253,TERRA ROXA,UNICA,245
254,RINCÃO,UNICA,292
255,DOURADO,UNICA,215
256,ESTRELA D'OESTE,UNICA,207
257,URÂNIA,UNICA,232
258,AREIÓPOLIS,UNICA,311
259,QUELUZ,UNICA,285
260,VARGEM,UNICA,263
261,RINÓPOLIS,UNICA,263
262,SARAPUÍ,UNICA,261
263,BÁLSAMO,UNICA,200
264,GUARACI,UNICA,317
265,PORANGABA,UNICA,225
266,DUMONT,UNICA,288
267,ROSEIRA,UNICA,327
268,PALMARES PAULISTA,UNICA,452
269,IGARATÁ,UNICA,215
270,CAJOBI,UNICA,272
271,MANDURI,UNICA,246
272,ESTIVA GERBI,UNICA,313
273,NOVA EUROPA,UNICA,299
274,CEDRAL,UNICA,213
275,PEDRO DE TOLEDO,UNICA,191
276,BOFETE,UNICA,292
277,TORRINHA,UNICA,256
278,NEVES PAULISTA,UNICA,228
279,UCHOA,UNICA,231
280,PALMEIRA D'OESTE,UNICA,193
281,BANANAL,UNICA,262
282,REGINÓPOLIS,UNICA,72
283,GUAIÇARA,UNICA,319
284,SÃO SEBASTIÃO DA GRAMA,UNICA,295
285,OUROESTE,UNICA,260
286,VERA CRUZ,UNICA,181
287,RIOLÂNDIA,UNICA,263
288,IACANGA,UNICA,361
289,GETULINA,UNICA,255
290,GENERAL SALGADO,UNICA,236
291,SALES OLIVEIRA,UNICA,286
292,SÃO BENTO DO SAPUCAÍ,UNICA,239
293,SETE BARRAS,UNICA,258
294,PARAPUÃ,UNICA,235
295,NHANDEARA,UNICA,240
296,SÃO LUIZ DO PARAITINGA,UNICA,240
297,ILHA COMPRIDA,UNICA,195
298,PALESTINA,UNICA,347
299,MINEIROS DO TIETÊ,UNICA,310
300,CANANÉIA,UNICA,251
301,BOCAINA,UNICA,313
302,AVANHANDAVA,UNICA,225
303,PIRANGI,UNICA,270
304,CHAVANTES,UNICA,331
305,RIBEIRÃO BONITO,UNICA,320
306,TAGUAÍ,UNICA,342
307,IBIRÁ,UNICA,341
308,CARDOSO,UNICA,267
309,LUÍS ANTÔNIO,UNICA,437
310,TAPIRATIBA,UNICA,283
311,LAVÍNIA,UNICA,117
312,BERNARDINO DE CAMPOS,UNICA,204
313,TABAPUÃ,UNICA,269
314,ELDORADO,UNICA,169
315,PIQUETE,UNICA,335
316,FLÓRIDA PAULISTA,UNICA,279
317,DIVINOLÂNDIA,UNICA,227
318,VALENTIM GENTIL,UNICA,405
319,QUATÁ,UNICA,340
320,ITAPUÍ,UNICA,360
321,SANTA BRANCA,UNICA,349
322,AURIFLAMA,UNICA,351
323,JOANÓPOLIS,UNICA,391
324,BOA ESPERANÇA DO SUL,UNICA,417
325,PANORAMA,UNICA,274
326,MORUNGABA,UNICA,353
327,DUARTINA,UNICA,291
328,ITARIRI,UNICA,401
329,IPAUSSU,UNICA,367
330,MARACAÍ,UNICA,283
331,SANTA ADÉLIA,UNICA,421
332,ITAPORANGA,UNICA,315
333,SÃO SIMÃO,UNICA,355
334,SÃO LOURENÇO DA SERRA,UNICA,347
335,SEVERÍNIA,UNICA,512
336,SERRA AZUL,UNICA,156
337,PIRATININGA,UNICA,340
338,URUPÊS,UNICA,351
339,TARUMÃ,UNICA,414
340,TABATINGA,UNICA,521
341,IPUÃ,UNICA,443
342,RIBEIRÃO BRANCO,UNICA,376
343,PATROCÍNIO PAULISTA,UNICA,326
344,PINHALZINHO,UNICA,401
345,FARTURA,UNICA,372
346,ALUMÍNIO,UNICA,508
347,JACUPIRANGA,UNICA,379
348,PINDORAMA,UNICA,428
349,PACAEMBU,UNICA,291
350,HOLAMBRA,UNICA,415
351,CHARQUEADA,UNICA,479
352,CAFELÂNDIA,UNICA,413
353,GUAREÍ,UNICA,431
354,GUAPIARA,UNICA,392
355,ELIAS FAUSTO,UNICA,540
356,BORBOREMA,UNICA,401
357,MIRANTE DO PARANAPANEMA,UNICA,361
358,PEDREGULHO,UNICA,384
359,PIRAPORA DO BOM JESUS,UNICA,440
360,ITAJOBI,UNICA,362
361,POTIRENDABA,UNICA,480
362,ITIRAPINA,UNICA,406
363,JUQUIÁ,UNICA,395
364,SALESÓPOLIS,UNICA,459
365,MACATUBA,UNICA,438
366,PARAIBUNA,UNICA,422
367,CONCHAS,UNICA,378
368,PRESIDENTE BERNARDES,UNICA,237
369,ALTINÓPOLIS,UNICA,384
370,ROSANA,UNICA,372
371,CESÁRIO LANGE,UNICA,500
372,COLINA,UNICA,466
373,TUPI PAULISTA,UNICA,325
374,BURITAMA,UNICA,440
375,ITATINGA,UNICA,528
376,PRADÓPOLIS,UNICA,683
377,CASTILHO,UNICA,547
378,BURI,UNICA,472
379,CACONDE,UNICA,419
380,ENGENHEIRO COELHO,UNICA,632
381,VIRADOURO,UNICA,457
382,SANTO ANASTÁCIO,UNICA,507
383,MONTE AZUL PAULISTA,UNICA,338
384,GUARÁ,UNICA,508
385,NAZARÉ PAULISTA,UNICA,457
386,BADY BASSITT,UNICA,400
387,ITABERÁ,UNICA,358
388,ARAÇARIGUAMA,UNICA,588
389,MIRACATU,UNICA,404
390,PARANAPANEMA,UNICA,521
391,PIRAJUÍ,UNICA,275
392,PARIQUERA-AÇU,UNICA,380
393,MIGUELÓPOLIS,UNICA,631
394,CAPELA DO ALTO,UNICA,560
395,ÁGUAS DE LINDÓIA,UNICA,463
396,NOVA GRANADA,UNICA,557
397,POTIM,UNICA,506
398,TEODORO SAMPAIO,UNICA,574
399,GUAPIAÇU,UNICA,554
400,JUNQUEIRÓPOLIS,UNICA,409
401,REGENTE FEIJÓ,UNICA,482
402,LUCÉLIA,UNICA,583
403,IRACEMÁPOLIS,UNICA,696
404,POMPÉIA,UNICA,531
405,CERQUEIRA CÉSAR,UNICA,401
406,SANTA GERTRUDES,UNICA,628
407,TAMBAÚ,UNICA,573
408,SANTO ANTÔNIO DE POSSE,UNICA,647
409,IGARAÇU DO TIETÊ,UNICA,694
410,ANGATUBA,UNICA,478
411,BASTOS,UNICA,476
412,CUNHA,UNICA,488
413,PALMITAL,UNICA,474
414,CORDEIRÓPOLIS,UNICA,670
415,APIAÍ,UNICA,515
416,BOM JESUS DOS PERDÕES,UNICA,712
417,BRODOWSKI,UNICA,652
418,BROTAS,UNICA,611
419,VALPARAÍSO,UNICA,609
420,ÁLVARES MACHADO,UNICA,600
421,SANTA ROSA DE VITERBO,UNICA,666
422,MONTE APRAZÍVEL,UNICA,676
423,CAJURU,UNICA,579
424,PIRAPOZINHO,UNICA,563
425,DOIS CÓRREGOS,UNICA,683
426,TAQUARITUBA,UNICA,495
427,PEREIRA BARRETO,UNICA,576
428,CONCHAL,UNICA,725
429,ITAÍ,UNICA,689
430,CAJATI,UNICA,680
431,MARTINÓPOLIS,UNICA,549
432,RIO GRANDE DA SERRA,UNICA,1128
433,JUQUITIBA,UNICA,710
434,ILHA SOLTEIRA,UNICA,502
435,PIRACAIA,UNICA,696
436,TANABI,UNICA,625
437,BARRINHA,UNICA,890
438,IGARAPAVA,UNICA,768
439,SANTA CRUZ DAS PALMEIRAS,UNICA,984
440,MORRO AGUDO,UNICA,906
441,BIRITIBA MIRIM,UNICA,857
442,MIRANDÓPOLIS,UNICA,525
443,SÃO MIGUEL ARCANJO,UNICA,836
444,SANTA RITA DO PASSA QUATRO,UNICA,552
445,PILAR DO SUL,UNICA,679
446,IPERÓ,UNICA,980
447,IGUAPE,UNICA,599
448,LARANJAL PAULISTA,UNICA,636
449,CASA BRANCA,UNICA,760
450,RANCHARIA,UNICA,706
451,CACHOEIRA PAULISTA,UNICA,838
452,RIO DAS PEDRAS,UNICA,972
453,JARINU,UNICA,875
454,SERRA NEGRA,UNICA,637
455,GUARARAPES,UNICA,825
456,IBATÉ,UNICA,1020
457,GUARAREMA,UNICA,849
458,PIRAJU,UNICA,561
459,ARAÇOIABA DA SERRA,UNICA,805
460,PITANGUEIRAS,UNICA,1154
461,CÂNDIDO MOTA,UNICA,644
462,SÃO PEDRO,UNICA,778
463,AGUAÍ,UNICA,1040
464,CRAVINHOS,UNICA,903
465,OSVALDO CRUZ,UNICA,721
466,BARIRI,UNICA,829
467,AMÉRICO BRASILIENSE,UNICA,1088
468,APARECIDA,UNICA,928
469,PROMISSÃO,UNICA,1056
470,GUARIBA,UNICA,1159
471,BARRA BONITA,UNICA,980
472,ILHABELA,UNICA,860
473,SANTA FÉ DO SUL,UNICA,704
474,DESCALVADO,UNICA,872
475,SÃO MANUEL,UNICA,1037
476,AGUDOS,UNICA,873
477,JOSÉ BONIFÁCIO,UNICA,1010
478,ADAMANTINA,UNICA,878
479,TIETÊ,UNICA,1123
480,ORLÂNDIA,UNICA,1137
481,PRESIDENTE VENCESLAU,UNICA,947
482,GUAÍRA,UNICA,1035
483,PONTAL,UNICA,1604
484,PRESIDENTE EPITÁCIO,UNICA,916
485,ITUVERAVA,UNICA,1075
486,JARDINÓPOLIS,UNICA,1174
487,NOVO HORIZONTE,UNICA,1043
488,PEDERNEIRAS,UNICA,1202
489,VARGEM GRANDE DO SUL,UNICA,1018
490,SOCORRO,UNICA,983
491,ITÁPOLIS,UNICA,1042
492,VARGEM GRANDE PAULISTA,UNICA,1314
493,GARÇA,UNICA,991
494,LOUVEIRA,UNICA,1632
495,SALTO DE PIRAPORA,UNICA,1115
496,ESPÍRITO SANTO DO PINHAL,UNICA,1006
497,CAPÃO BONITO,UNICA,1035
498,PARAGUAÇU PAULISTA,UNICA,1047
499,PEDREIRA,UNICA,1327
500,CABREÚVA,UNICA,1383
501,ITARARÉ,UNICA,1115
502,TREMEMBÉ,UNICA,1220
503,CERQUILHO,UNICA,1338
504,DRACENA,UNICA,851
505,CAMPOS DO JORDÃO,UNICA,1291
506,SÃO JOAQUIM DA BARRA,UNICA,1438
507,SANTA CRUZ DO RIO PARDO,UNICA,980
508,CAPIVARI,UNICA,1467
509,ARTUR NOGUEIRA,UNICA,1508
510,SANTA ISABEL,UNICA,1135
511,MAIRINQUE,UNICA,1205
512,MONTE ALTO,UNICA,1160
513,PIEDADE,UNICA,1569
514,PORTO FELIZ,UNICA,1343
515,COSMÓPOLIS,UNICA,1598
516,JALES,UNICA,945
517,ITUPEVA,UNICA,1905
518,NOVA ODESSA,UNICA,1776
519,PORTO FERREIRA,UNICA,1388
520,MONGAGUÁ,UNICA,1178
521,REGISTRO,UNICA,1078
522,BOITUVA,UNICA,1755
523,OLÍMPIA,UNICA,1383
524,ANDRADINA,UNICA,1315
525,SÃO JOSÉ DO RIO PARDO,UNICA,1256
526,JAGUARIÚNA,UNICA,1654
527,TAQUARITINGA,UNICA,1300
528,MONTE MOR,UNICA,1843
529,IBITINGA,UNICA,1653
530,EMBU-GUAÇU,UNICA,1399
531,BERTIOGA,UNICA,1814
532,BATATAIS,UNICA,1174
533,PENÁPOLIS,UNICA,1322
534,IBIÚNA,UNICA,2087
535,MIRASSOL,UNICA,1695
536,PERUÍBE,UNICA,1343
537,LENÇÓIS PAULISTA,UNICA,1864
538,TUPÃ,UNICA,1385
539,MOCOCA,UNICA,1662
540,SÃO ROQUE,UNICA,1977
541,VINHEDO,UNICA,2244
542,CRUZEIRO,UNICA,2064
543,CAMPO LIMPO PAULISTA,UNICA,2258
544,BEBEDOURO,UNICA,1639
545,PIRASSUNUNGA,UNICA,1710
546,AMPARO,UNICA,1760
547,LINS,UNICA,1744
548,JABOTICABAL,UNICA,1751
549,FERNANDÓPOLIS,UNICA,1480
550,SÃO SEBASTIÃO,UNICA,2346
551,ITAPIRA,UNICA,1805
552,ARUJÁ,UNICA,2309
553,CAJAMAR,UNICA,2332
554,LORENA,UNICA,1922
555,MAIRIPORÃ,UNICA,2419
556,CAÇAPAVA,UNICA,2413
557,UBATUBA,UNICA,2139
558,MATÃO,UNICA,2231
559,CAIEIRAS,UNICA,2816
560,MOGI MIRIM,UNICA,2418
561,AVARÉ,UNICA,2119
562,ITAPEVA,UNICA,2041
563,SÃO JOÃO DA BOA VISTA,UNICA,2115
564,PAULÍNIA,UNICA,2815
565,POÁ,UNICA,2961
566,VOTUPORANGA,UNICA,2313
567,VÁRZEA PAULISTA,UNICA,3582
568,LEME,UNICA,2690
569,JANDIRA,UNICA,2723
570,VOTORANTIM,UNICA,3195
571,ASSIS,UNICA,2146
572,CUBATÃO,UNICA,3244
573,ITANHAÉM,UNICA,2116
574,RIBEIRÃO PIRES,UNICA,3278
575,OURINHOS,UNICA,2115
576,BIRIGUI,UNICA,3533
577,SALTO,UNICA,3110
578,TATUÍ,UNICA,3091
579,ITATIBA,UNICA,3345
580,CARAGUATATUBA,UNICA,2859
581,GUARATINGUETÁ,UNICA,3083
582,SERTÃOZINHO,UNICA,3546
583,BARRETOS,UNICA,2709
584,CATANDUVA,UNICA,2861
585,VALINHOS,UNICA,3342
586,JAÚ,UNICA,3651
587,ARARAS,UNICA,3812
588,ATIBAIA,UNICA,3526
589,SANTANA DE PARNAÍBA,UNICA,3746
590,MOGI GUAÇU,UNICA,3987
591,ITAPECERICA DA SERRA,UNICA,4003
592,FRANCO DA ROCHA,UNICA,6014
593,FRANCISCO MORATO,UNICA,4486
594,FERRAZ DE VASCONCELOS,UNICA,5247
595,PINDAMONHANGABA,UNICA,4439
596,ITAPETININGA,UNICA,2922
597,ITU,UNICA,5154
598,SÃO CAETANO DO SUL,UNICA,3244
599,SANTA BÁRBARA D'OESTE,UNICA,5373
600,BRAGANÇA PAULISTA,UNICA,4656
601,ITAPEVI,UNICA,6637
602,ARAÇATUBA,UNICA,4810
603,RIO CLARO,UNICA,5053
604,HORTOLÂNDIA,UNICA,6739
605,JACAREÍ,UNICA,5550
606,COTIA,UNICA,6016
607,PRESIDENTE PRUDENTE,UNICA,5192
608,EMBU DAS ARTES,UNICA,7174
609,AMERICANA,UNICA,6210
610,MARÍLIA,UNICA,4389
611,ARARAQUARA,UNICA,6063
612,SUMARÉ,UNICA,7981
613,TABOÃO DA SERRA,UNICA,7645
614,SUZANO,UNICA,7545
615,SÃO CARLOS,UNICA,6793
616,BARUERI,UNICA,6188
617,INDAIATUBA,UNICA,6873
618,GUARUJÁ,UNICA,8146
619,LIMEIRA,UNICA,8481
620,ITAQUAQUECETUBA,UNICA,9626
621,TAUBATÉ,UNICA,6372
622,SÃO VICENTE,UNICA,7582
623,PRAIA GRANDE,UNICA,8001
624,FRANCA,UNICA,8453
625,CARAPICUÍBA,UNICA,10632
626,BAURU,UNICA,8410
627,MAUÁ,UNICA,12757
628,DIADEMA,UNICA,10627
629,PIRACICABA,UNICA,10668
630,MOGI DAS CRUZES,UNICA,10039
631,JUNDIAÍ,UNICA,11211
632,SANTOS,UNICA,7950
633,SÃO JOSÉ DO RIO PRETO,UNICA,11551
634,SOROCABA,UNICA,14453
635,OSASCO,UNICA,18630
636,RIBEIRÃO PRETO,UNICA,18479
637,SANTO ANDRÉ,UNICA,15719
638,SÃO JOSÉ DOS CAMPOS,UNICA,15903
639,SÃO BERNARDO DO CAMPO,UNICA,20991
640,CAMPINAS,UNICA,29497
641,GUARULHOS,UNICA,37096
642,SÃO PAULO,UNICA,321545
643,BORÁ,2° DOSE,375
644,NOVA CASTILHO,2° DOSE,492
645,URU,2° DOSE,692
646,UNIÃO PAULISTA,2° DOSE,582
647,TRABIJU,2° DOSE,714
648,FERNÃO,2° DOSE,732
649,SANTA SALETE,2° DOSE,782
650,FLORA RICA,2° DOSE,888
651,SANTANA DA PONTE PENSA,2° DOSE,899
652,DIRCE REIS,2° DOSE,774
653,VITÓRIA BRASIL,2° DOSE,762
654,SÃO JOÃO DE IRACEMA,2° DOSE,768
655,MESÓPOLIS,2° DOSE,857
656,PAULISTÂNIA,2° DOSE,780
657,ASPÁSIA,2° DOSE,828
658,TURIÚBA,2° DOSE,946
659,ARCO-ÍRIS,2° DOSE,897
660,SANTA CRUZ DA ESPERANÇA,2° DOSE,894
661,MARINÓPOLIS,2° DOSE,1004
662,GUARANI D'OESTE,2° DOSE,970
663,SAGRES,2° DOSE,848
664,NOVA CANAÃ PAULISTA,2° DOSE,1054
665,MONÇÕES,2° DOSE,1028
666,TURMALINA,2° DOSE,1136
667,CRUZÁLIA,2° DOSE,1076
668,SÃO JOÃO DO PAU D'ALHO,2° DOSE,1011
669,BOREBI,2° DOSE,951
670,EMBAÚBA,2° DOSE,999
671,ARAPEÍ,2° DOSE,964
672,DOLCINÓPOLIS,2° DOSE,1004
673,LUCIANÓPOLIS,2° DOSE,941
674,NOVA GUATAPORANGA,2° DOSE,1050
675,RIBEIRÃO DOS ÍNDIOS,2° DOSE,1138
676,BENTO DE ABREU,2° DOSE,938
677,SANTA CLARA D'OESTE,2° DOSE,1072
678,LOURDES,2° DOSE,1192
679,BREJO ALEGRE,2° DOSE,950
680,ÓLEO,2° DOSE,1020
681,SÃO JOÃO DAS DUAS PONTES,2° DOSE,1074
682,TORRE DE PEDRA,2° DOSE,1070
683,PARISI,2° DOSE,1201
684,TAQUARAL,2° DOSE,1105
685,ZACARIAS,2° DOSE,1198
686,PONTES GESTAL,2° DOSE,1240
687,OSCAR BRESSANE,2° DOSE,1252
688,RUBIÁCEA,2° DOSE,1092
689,ALVINLÂNDIA,2° DOSE,1086
690,CÁSSIA DOS COQUEIROS,2° DOSE,1138
691,LUTÉCIA,2° DOSE,1248
692,GABRIEL MONTEIRO,2° DOSE,1214
693,NANTES,2° DOSE,1177
694,TIMBURI,2° DOSE,1246
695,ESTRELA DO NORTE,2° DOSE,1344
696,NOVA LUZITÂNIA,2° DOSE,980
697,PEDRANÓPOLIS,2° DOSE,1329
698,SANTA MERCEDES,2° DOSE,1106
699,SANTA RITA D'OESTE,2° DOSE,1367
700,MOMBUCA,2° DOSE,1032
701,SANTO EXPEDITO,2° DOSE,1252
702,JUMIRIM,2° DOSE,1084
703,SÃO FRANCISCO,2° DOSE,1359
704,QUEIROZ,2° DOSE,1216
705,RIBEIRA,2° DOSE,1145
706,JERIQUARA,2° DOSE,1304
707,ELISIÁRIO,2° DOSE,1298
708,CÂNDIDO RODRIGUES,2° DOSE,1478
709,MAGDA,2° DOSE,1341
710,BOM SUCESSO DE ITARARÉ,2° DOSE,1163
711,PLATINA,2° DOSE,1339
712,PIQUEROBI,2° DOSE,1373
713,PEDRINHAS PAULISTA,2° DOSE,1504
714,MARAPOAMA,2° DOSE,1484
715,ITAJU,2° DOSE,1361
716,ITAOCA,2° DOSE,1459
717,FLOREAL,2° DOSE,1609
718,MIRA ESTRELA,2° DOSE,1623
719,SUZANÁPOLIS,2° DOSE,1345
720,EMILIANÓPOLIS,2° DOSE,1575
721,ALTAIR,2° DOSE,1367
722,CORUMBATAÍ,2° DOSE,1327
723,MARIÁPOLIS,2° DOSE,1418
724,QUADRA,2° DOSE,1403
725,GASTÃO VIDIGAL,2° DOSE,1427
726,AREIAS,2° DOSE,1325
727,BARÃO DE ANTONINA,2° DOSE,1500
728,PONGAÍ,2° DOSE,1564
729,RUBINÉIA,2° DOSE,1619
730,SARUTAIÁ,2° DOSE,1507
731,IPORANGA,2° DOSE,1626
732,PRACINHA,2° DOSE,1693
733,INÚBIA PAULISTA,2° DOSE,1490
734,SEBASTIANÓPOLIS DO SUL,2° DOSE,1735
735,SANDOVALINA,2° DOSE,1631
736,ITAPIRAPUÃ PAULISTA,2° DOSE,1384
737,PONTALINDA,2° DOSE,1487
738,RIFAINA,2° DOSE,1656
739,REDENÇÃO DA SERRA,2° DOSE,1638
740,SÃO JOSÉ DO BARREIRO,2° DOSE,1503
741,PRESIDENTE ALVES,2° DOSE,1651
742,MURUTINGA DO SUL,2° DOSE,1672
743,CAIABU,2° DOSE,1663
744,CABRÁLIA PAULISTA,2° DOSE,1490
745,ITAPURA,2° DOSE,1560
746,ANHUMAS,2° DOSE,1615
747,MOTUCA,2° DOSE,1450
748,NOVAIS,2° DOSE,1392
749,LUPÉRCIO,2° DOSE,1525
750,SANTÓPOLIS DO AGUAPEÍ,2° DOSE,1663
751,ALTO ALEGRE,2° DOSE,1682
752,TEJUPÁ,2° DOSE,1587
753,MACEDÔNIA,2° DOSE,1842
754,ÁLVARES FLORENCE,2° DOSE,1750
755,PARANAPUÃ,2° DOSE,1624
756,CANAS,2° DOSE,1559
757,MERIDIANO,2° DOSE,1762
758,JOÃO RAMALHO,2° DOSE,1728
759,BURITIZAL,2° DOSE,1672
760,ESPÍRITO SANTO DO TURVO,2° DOSE,1634
761,MONTE CASTELO,2° DOSE,1813
762,MONTEIRO LOBATO,2° DOSE,1635
763,INDIAPORÃ,2° DOSE,1828
764,GLICÉRIO,2° DOSE,1743
765,ONDA VERDE,2° DOSE,1649
766,ÁGUAS DE SÃO PEDRO,2° DOSE,2094
767,FLORÍNEA,2° DOSE,1469
768,JÚLIO MESQUITA,2° DOSE,1640
769,RIBEIRÃO CORRENTE,2° DOSE,1588
770,PRATÂNIA,2° DOSE,1529
771,ANALÂNDIA,2° DOSE,1792
772,BORACÉIA,2° DOSE,1699
773,CAMPOS NOVOS PAULISTA,2° DOSE,1739
774,ADOLFO,2° DOSE,1961
775,OCAUÇU,2° DOSE,2013
776,UBIRAJARA,2° DOSE,1612
777,NIPOÃ,2° DOSE,1647
778,GAVIÃO PEIXOTO,2° DOSE,1723
779,PLANALTO,2° DOSE,1941
780,GUZOLÂNDIA,2° DOSE,2024
781,NOVA INDEPENDÊNCIA,2° DOSE,1580
782,POPULINA,2° DOSE,2152
783,SANTA CRUZ DA CONCEIÇÃO,2° DOSE,2257
784,LUIZIÂNIA,2° DOSE,1813
785,CANITAR,2° DOSE,1777
786,SALMOURÃO,2° DOSE,1765
787,TAQUARIVAÍ,2° DOSE,1663
788,RIBEIRÃO DO SUL,2° DOSE,2144
789,SANTA MARIA DA SERRA,2° DOSE,1517
790,MIRASSOLÂNDIA,2° DOSE,1814
791,AVAÍ,2° DOSE,1868
792,CORONEL MACEDO,2° DOSE,2178
793,APARECIDA D'OESTE,2° DOSE,2268
794,BARRA DO CHAPÉU,2° DOSE,1944
795,MARABÁ PAULISTA,2° DOSE,1755
796,ALFREDO MARCONDES,2° DOSE,2166
797,GUAIMBÊ,2° DOSE,2022
798,INDIANA,2° DOSE,2281
799,BRAÚNA,2° DOSE,2014
800,NARANDIBA,2° DOSE,2145
801,SABINO,2° DOSE,2160
802,JAMBEIRO,2° DOSE,1759
803,ARAMINA,2° DOSE,2104
804,UBARANA,2° DOSE,1952
805,TACIBA,2° DOSE,1930
806,IPIGUÁ,2° DOSE,2016
807,PIACATU,2° DOSE,2154
808,SANTA ERNESTINA,2° DOSE,2112
809,LAGOINHA,2° DOSE,2507
810,LAVRINHAS,2° DOSE,1769
811,COROADOS,2° DOSE,2405
812,RIVERSUL,2° DOSE,2239
813,ALAMBARI,2° DOSE,2302
814,ITIRAPUÃ,2° DOSE,2271
815,GUARANTÃ,2° DOSE,2018
816,BARBOSA,2° DOSE,2140
817,BALBINOS,2° DOSE,2446
818,PARAÍSO,2° DOSE,2563
819,TAIAÇU,2° DOSE,2492
820,CAMPINA DO MONTE ALEGRE,2° DOSE,2429
821,AMÉRICO DE CAMPOS,2° DOSE,2622
822,ANHEMBI,2° DOSE,2319
823,TUIUTI,2° DOSE,2184
824,FERNANDO PRESTES,2° DOSE,2768
825,ÁLVARO DE CARVALHO,2° DOSE,2057
826,ECHAPORÃ,2° DOSE,2559
827,COLÔMBIA,2° DOSE,2228
828,ARANDU,2° DOSE,2390
829,ORIENTE,2° DOSE,2592
830,SILVEIRAS,2° DOSE,2512
831,MENDONÇA,2° DOSE,2617
832,PEDRA BELA,2° DOSE,2567
833,SANTO ANTÔNIO DO JARDIM,2° DOSE,2638
834,IPEÚNA,2° DOSE,2515
835,ÁGUAS DE SANTA BÁRBARA,2° DOSE,2553
836,PARDINHO,2° DOSE,2543
837,TRÊS FRONTEIRAS,2° DOSE,2431
838,ORINDIÚVA,2° DOSE,2618
839,JABORANDI,2° DOSE,2727
840,POLONI,2° DOSE,2881
841,SANTO ANTÔNIO DO PINHAL,2° DOSE,2532
842,IACRI,2° DOSE,2724
843,RESTINGA,2° DOSE,2554
844,SANTA ALBERTINA,2° DOSE,2899
845,SALES,2° DOSE,2877
846,QUINTANA,2° DOSE,2814
847,TAIÚVA,2° DOSE,2562
848,NATIVIDADE DA SERRA,2° DOSE,2293
849,GUATAPARÁ,2° DOSE,2516
850,TARABAI,2° DOSE,2580
851,IBIRAREMA,2° DOSE,2735
852,GÁLIA,2° DOSE,2804
853,NOVA ALIANÇA,2° DOSE,2664
854,LINDÓIA,2° DOSE,2658
855,OURO VERDE,2° DOSE,2289
856,BARRA DO TURVO,2° DOSE,2651
857,PAULICÉIA,2° DOSE,2545
858,IRAPUÃ,2° DOSE,2874
859,SÃO JOSÉ DA BELA VISTA,2° DOSE,2729
860,NUPORANGA,2° DOSE,2727
861,CAIUÁ,2° DOSE,2349
862,CLEMENTINA,2° DOSE,2947
863,SÃO PEDRO DO TURVO,2° DOSE,2963
864,SUD MENNUCCI,2° DOSE,2806
865,SANTA LÚCIA,2° DOSE,2384
866,SANTO ANTÔNIO DA ALEGRIA,2° DOSE,3010
867,ITOBI,2° DOSE,2944
868,SANTO ANTÔNIO DO ARACANGUÁ,2° DOSE,2858
869,JACI,2° DOSE,3087
870,ICÉM,2° DOSE,2703
871,EUCLIDES DA CUNHA PAULISTA,2° DOSE,2850
872,RIBEIRÃO GRANDE,2° DOSE,2905
873,BILAC,2° DOSE,2949
874,VISTA ALEGRE DO ALTO,2° DOSE,2659
875,DOBRADA,2° DOSE,2519
876,PEREIRAS,2° DOSE,2876
877,MACAUBAL,2° DOSE,3248
878,TAPIRAÍ,2° DOSE,3210
879,CATIGUÁ,2° DOSE,3240
880,SALTINHO,2° DOSE,3058
881,HERCULÂNDIA,2° DOSE,2985
882,CRISTAIS PAULISTA,2° DOSE,2932
883,ÁGUAS DA PRATA,2° DOSE,3353
884,GUARAÇAÍ,2° DOSE,3525
885,NOVA CAMPINA,2° DOSE,2697
886,MONTE ALEGRE DO SUL,2° DOSE,3339
887,SALTO GRANDE,2° DOSE,2997
888,IARAS,2° DOSE,2768
889,COSMORAMA,2° DOSE,3873
890,IRAPURU,2° DOSE,3405
891,ARIRANHA,2° DOSE,3515
892,AREALVA,2° DOSE,3212
893,PAULO DE FARIA,2° DOSE,3427
894,IEPÊ,2° DOSE,3789
895,RAFARD,2° DOSE,3170
896,TERRA ROXA,2° DOSE,4017
897,RINCÃO,2° DOSE,3103
898,DOURADO,2° DOSE,3576
899,ESTRELA D'OESTE,2° DOSE,3696
900,URÂNIA,2° DOSE,3563
901,AREIÓPOLIS,2° DOSE,3134
902,QUELUZ,2° DOSE,2988
903,VARGEM,2° DOSE,3046
904,RINÓPOLIS,2° DOSE,3488
905,SARAPUÍ,2° DOSE,3026
906,BÁLSAMO,2° DOSE,3899
907,GUARACI,2° DOSE,3410
908,PORANGABA,2° DOSE,3456
909,DUMONT,2° DOSE,3202
910,ROSEIRA,2° DOSE,3406
911,PALMARES PAULISTA,2° DOSE,3718
912,IGARATÁ,2° DOSE,3876
913,CAJOBI,2° DOSE,3783
914,MANDURI,2° DOSE,3697
915,ESTIVA GERBI,2° DOSE,3577
916,NOVA EUROPA,2° DOSE,3941
917,CEDRAL,2° DOSE,3960
918,PEDRO DE TOLEDO,2° DOSE,4148
919,BOFETE,2° DOSE,3643
920,TORRINHA,2° DOSE,4131
921,NEVES PAULISTA,2° DOSE,4131
922,UCHOA,2° DOSE,4423
923,PALMEIRA D'OESTE,2° DOSE,4443
924,BANANAL,2° DOSE,3852
925,REGINÓPOLIS,2° DOSE,4041
926,GUAIÇARA,2° DOSE,3609
927,SÃO SEBASTIÃO DA GRAMA,2° DOSE,3606
928,OUROESTE,2° DOSE,4099
929,VERA CRUZ,2° DOSE,4274
930,RIOLÂNDIA,2° DOSE,3319
931,IACANGA,2° DOSE,4017
932,GETULINA,2° DOSE,4169
933,GENERAL SALGADO,2° DOSE,4542
934,SALES OLIVEIRA,2° DOSE,4256
935,SÃO BENTO DO SAPUCAÍ,2° DOSE,4528
936,SETE BARRAS,2° DOSE,4302
937,PARAPUÃ,2° DOSE,4803
938,NHANDEARA,2° DOSE,4847
939,SÃO LUIZ DO PARAITINGA,2° DOSE,4351
940,ILHA COMPRIDA,2° DOSE,4701
941,PALESTINA,2° DOSE,4406
942,MINEIROS DO TIETÊ,2° DOSE,4053
943,CANANÉIA,2° DOSE,4382
944,BOCAINA,2° DOSE,4807
945,AVANHANDAVA,2° DOSE,4649
946,PIRANGI,2° DOSE,5082
947,CHAVANTES,2° DOSE,4542
948,RIBEIRÃO BONITO,2° DOSE,4841
949,TAGUAÍ,2° DOSE,4335
950,IBIRÁ,2° DOSE,4675
951,CARDOSO,2° DOSE,4775
952,LUÍS ANTÔNIO,2° DOSE,4195
953,TAPIRATIBA,2° DOSE,4681
954,LAVÍNIA,2° DOSE,4727
955,BERNARDINO DE CAMPOS,2° DOSE,4649
956,TABAPUÃ,2° DOSE,5483
957,ELDORADO,2° DOSE,5359
958,PIQUETE,2° DOSE,4853
959,FLÓRIDA PAULISTA,2° DOSE,5053
960,DIVINOLÂNDIA,2° DOSE,5472
961,VALENTIM GENTIL,2° DOSE,4737
962,QUATÁ,2° DOSE,5100
963,ITAPUÍ,2° DOSE,5293
964,SANTA BRANCA,2° DOSE,4900
965,AURIFLAMA,2° DOSE,5076
966,JOANÓPOLIS,2° DOSE,4844
967,BOA ESPERANÇA DO SUL,2° DOSE,4884
968,PANORAMA,2° DOSE,4723
969,MORUNGABA,2° DOSE,4813
970,DUARTINA,2° DOSE,5776
971,ITARIRI,2° DOSE,5016
972,IPAUSSU,2° DOSE,5316
973,MARACAÍ,2° DOSE,5674
974,SANTA ADÉLIA,2° DOSE,4965
975,ITAPORANGA,2° DOSE,5037
976,SÃO SIMÃO,2° DOSE,5247
977,SÃO LOURENÇO DA SERRA,2° DOSE,5732
978,SEVERÍNIA,2° DOSE,4904
979,SERRA AZUL,2° DOSE,5261
980,PIRATININGA,2° DOSE,5486
981,URUPÊS,2° DOSE,5962
982,TARUMÃ,2° DOSE,5698
983,TABATINGA,2° DOSE,4969
984,IPUÃ,2° DOSE,5111
985,RIBEIRÃO BRANCO,2° DOSE,5346
986,PATROCÍNIO PAULISTA,2° DOSE,5959
987,PINHALZINHO,2° DOSE,5342
988,FARTURA,2° DOSE,5346
989,ALUMÍNIO,2° DOSE,4610
990,JACUPIRANGA,2° DOSE,5707
991,PINDORAMA,2° DOSE,6132
992,PACAEMBU,2° DOSE,4465
993,HOLAMBRA,2° DOSE,6044
994,CHARQUEADA,2° DOSE,5954
995,CAFELÂNDIA,2° DOSE,5510
996,GUAREÍ,2° DOSE,5314
997,GUAPIARA,2° DOSE,5361
998,ELIAS FAUSTO,2° DOSE,5226
999,BORBOREMA,2° DOSE,6653
1000,MIRANTE DO PARANAPANEMA,2° DOSE,6177
1001,PEDREGULHO,2° DOSE,6120
1002,PIRAPORA DO BOM JESUS,2° DOSE,4943
1003,ITAJOBI,2° DOSE,6396
1004,POTIRENDABA,2° DOSE,6157
1005,ITIRAPINA,2° DOSE,5557
1006,JUQUIÁ,2° DOSE,6085
1007,SALESÓPOLIS,2° DOSE,6145
1008,MACATUBA,2° DOSE,6280
1009,PARAIBUNA,2° DOSE,6405
1010,CONCHAS,2° DOSE,6625
1011,PRESIDENTE BERNARDES,2° DOSE,6662
1012,ALTINÓPOLIS,2° DOSE,6796
1013,ROSANA,2° DOSE,6552
1014,CESÁRIO LANGE,2° DOSE,6337
1015,COLINA,2° DOSE,6407
1016,TUPI PAULISTA,2° DOSE,6890
1017,BURITAMA,2° DOSE,7331
1018,ITATINGA,2° DOSE,6534
1019,PRADÓPOLIS,2° DOSE,6686
1020,CASTILHO,2° DOSE,5907
1021,BURI,2° DOSE,5934
1022,CACONDE,2° DOSE,6920
1023,ENGENHEIRO COELHO,2° DOSE,5995
1024,VIRADOURO,2° DOSE,7263
1025,SANTO ANASTÁCIO,2° DOSE,6776
1026,MONTE AZUL PAULISTA,2° DOSE,7179
1027,GUARÁ,2° DOSE,6356
1028,NAZARÉ PAULISTA,2° DOSE,7138
1029,BADY BASSITT,2° DOSE,7495
1030,ITABERÁ,2° DOSE,7256
1031,ARAÇARIGUAMA,2° DOSE,5995
1032,MIRACATU,2° DOSE,7362
1033,PARANAPANEMA,2° DOSE,6915
1034,PIRAJUÍ,2° DOSE,6224
1035,PARIQUERA-AÇU,2° DOSE,7668
1036,MIGUELÓPOLIS,2° DOSE,7008
1037,CAPELA DO ALTO,2° DOSE,5837
1038,ÁGUAS DE LINDÓIA,2° DOSE,8113
1039,NOVA GRANADA,2° DOSE,8187
1040,POTIM,2° DOSE,6131
1041,TEODORO SAMPAIO,2° DOSE,6873
1042,GUAPIAÇU,2° DOSE,7427
1043,JUNQUEIRÓPOLIS,2° DOSE,7857
1044,REGENTE FEIJÓ,2° DOSE,8351
1045,LUCÉLIA,2° DOSE,7739
1046,IRACEMÁPOLIS,2° DOSE,7217
1047,POMPÉIA,2° DOSE,7926
1048,CERQUEIRA CÉSAR,2° DOSE,7151
1049,SANTA GERTRUDES,2° DOSE,7349
1050,TAMBAÚ,2° DOSE,8007
1051,SANTO ANTÔNIO DE POSSE,2° DOSE,7397
1052,IGARAÇU DO TIETÊ,2° DOSE,7293
1053,ANGATUBA,2° DOSE,7655
1054,BASTOS,2° DOSE,8661
1055,CUNHA,2° DOSE,8650
1056,PALMITAL,2° DOSE,9025
1057,CORDEIRÓPOLIS,2° DOSE,8269
1058,APIAÍ,2° DOSE,8047
1059,BOM JESUS DOS PERDÕES,2° DOSE,8059
1060,BRODOWSKI,2° DOSE,8053
1061,BROTAS,2° DOSE,8253
1062,VALPARAÍSO,2° DOSE,8464
1063,ÁLVARES MACHADO,2° DOSE,8823
1064,SANTA ROSA DE VITERBO,2° DOSE,8801
1065,MONTE APRAZÍVEL,2° DOSE,10216
1066,CAJURU,2° DOSE,9449
1067,PIRAPOZINHO,2° DOSE,8917
1068,DOIS CÓRREGOS,2° DOSE,9180
1069,TAQUARITUBA,2° DOSE,8969
1070,PEREIRA BARRETO,2° DOSE,10437
1071,CONCHAL,2° DOSE,9295
1072,ITAÍ,2° DOSE,9505
1073,CAJATI,2° DOSE,9272
1074,MARTINÓPOLIS,2° DOSE,10283
1075,RIO GRANDE DA SERRA,2° DOSE,5761
1076,JUQUITIBA,2° DOSE,9416
1077,ILHA SOLTEIRA,2° DOSE,11449
1078,PIRACAIA,2° DOSE,9511
1079,TANABI,2° DOSE,11591
1080,BARRINHA,2° DOSE,9055
1081,IGARAPAVA,2° DOSE,11656
1082,SANTA CRUZ DAS PALMEIRAS,2° DOSE,9588
1083,MORRO AGUDO,2° DOSE,10872
1084,BIRITIBA MIRIM,2° DOSE,10229
1085,MIRANDÓPOLIS,2° DOSE,9900
1086,SÃO MIGUEL ARCANJO,2° DOSE,9809
1087,SANTA RITA DO PASSA QUATRO,2° DOSE,11890
1088,PILAR DO SUL,2° DOSE,10731
1089,IPERÓ,2° DOSE,8467
1090,IGUAPE,2° DOSE,10735
1091,LARANJAL PAULISTA,2° DOSE,11241
1092,CASA BRANCA,2° DOSE,10582
1093,RANCHARIA,2° DOSE,10879
1094,CACHOEIRA PAULISTA,2° DOSE,10158
1095,RIO DAS PEDRAS,2° DOSE,9493
1096,JARINU,2° DOSE,10142
1097,SERRA NEGRA,2° DOSE,11546
1098,GUARARAPES,2° DOSE,10889
1099,IBATÉ,2° DOSE,10011
1100,GUARAREMA,2° DOSE,11442
1101,PIRAJU,2° DOSE,12154
1102,ARAÇOIABA DA SERRA,2° DOSE,11254
1103,PITANGUEIRAS,2° DOSE,10126
1104,CÂNDIDO MOTA,2° DOSE,13342
1105,SÃO PEDRO,2° DOSE,10987
1106,AGUAÍ,2° DOSE,11831
1107,CRAVINHOS,2° DOSE,11807
1108,OSVALDO CRUZ,2° DOSE,13141
1109,BARIRI,2° DOSE,13674
1110,AMÉRICO BRASILIENSE,2° DOSE,12338
1111,APARECIDA,2° DOSE,13550
1112,PROMISSÃO,2° DOSE,13184
1113,GUARIBA,2° DOSE,12580
1114,BARRA BONITA,2° DOSE,13923
1115,ILHABELA,2° DOSE,12746
1116,SANTA FÉ DO SUL,2° DOSE,14927
1117,DESCALVADO,2° DOSE,15862
1118,SÃO MANUEL,2° DOSE,13917
1119,AGUDOS,2° DOSE,13989
1120,JOSÉ BONIFÁCIO,2° DOSE,14876
1121,ADAMANTINA,2° DOSE,15076
1122,TIETÊ,2° DOSE,13368
1123,ORLÂNDIA,2° DOSE,14278
1124,PRESIDENTE VENCESLAU,2° DOSE,15639
1125,GUAÍRA,2° DOSE,13942
1126,PONTAL,2° DOSE,14190
1127,PRESIDENTE EPITÁCIO,2° DOSE,15343
1128,ITUVERAVA,2° DOSE,16105
1129,JARDINÓPOLIS,2° DOSE,13280
1130,NOVO HORIZONTE,2° DOSE,15486
1131,PEDERNEIRAS,2° DOSE,13413
1132,VARGEM GRANDE DO SUL,2° DOSE,15175
1133,SOCORRO,2° DOSE,15250
1134,ITÁPOLIS,2° DOSE,15588
1135,VARGEM GRANDE PAULISTA,2° DOSE,13599
1136,GARÇA,2° DOSE,16415
1137,LOUVEIRA,2° DOSE,14424
1138,SALTO DE PIRAPORA,2° DOSE,16567
1139,ESPÍRITO SANTO DO PINHAL,2° DOSE,16475
1140,CAPÃO BONITO,2° DOSE,16084
1141,PARAGUAÇU PAULISTA,2° DOSE,17652
1142,PEDREIRA,2° DOSE,16490
1143,CABREÚVA,2° DOSE,13395
1144,ITARARÉ,2° DOSE,17083
1145,TREMEMBÉ,2° DOSE,15492
1146,CERQUILHO,2° DOSE,17676
1147,DRACENA,2° DOSE,17746
1148,CAMPOS DO JORDÃO,2° DOSE,15705
1149,SÃO JOAQUIM DA BARRA,2° DOSE,17547
1150,SANTA CRUZ DO RIO PARDO,2° DOSE,18927
1151,CAPIVARI,2° DOSE,17014
1152,ARTUR NOGUEIRA,2° DOSE,16540
1153,SANTA ISABEL,2° DOSE,17004
1154,MAIRINQUE,2° DOSE,16931
1155,MONTE ALTO,2° DOSE,19477
1156,PIEDADE,2° DOSE,17829
1157,PORTO FELIZ,2° DOSE,19000
1158,COSMÓPOLIS,2° DOSE,16872
1159,JALES,2° DOSE,20993
1160,ITUPEVA,2° DOSE,17668
1161,NOVA ODESSA,2° DOSE,18205
1162,PORTO FERREIRA,2° DOSE,20209
1163,MONGAGUÁ,2° DOSE,20590
1164,REGISTRO,2° DOSE,20467
1165,BOITUVA,2° DOSE,19130
1166,OLÍMPIA,2° DOSE,21534
1167,SERRANA,2° DOSE,31109
1168,ANDRADINA,2° DOSE,20372
1169,SÃO JOSÉ DO RIO PARDO,2° DOSE,22601
1170,JAGUARIÚNA,2° DOSE,19549
1171,TAQUARITINGA,2° DOSE,23367
1172,MONTE MOR,2° DOSE,19146
1173,IBITINGA,2° DOSE,24348
1174,EMBU-GUAÇU,2° DOSE,22118
1175,BERTIOGA,2° DOSE,21045
1176,BATATAIS,2° DOSE,26033
1177,PENÁPOLIS,2° DOSE,25987
1178,IBIÚNA,2° DOSE,19789
1179,MIRASSOL,2° DOSE,25049
1180,PERUÍBE,2° DOSE,24957
1181,LENÇÓIS PAULISTA,2° DOSE,23564
1182,TUPÃ,2° DOSE,27639
1183,MOCOCA,2° DOSE,26155
1184,SÃO ROQUE,2° DOSE,21030
1185,VINHEDO,2° DOSE,25143
1186,CRUZEIRO,2° DOSE,25083
1187,CAMPO LIMPO PAULISTA,2° DOSE,25053
1188,BEBEDOURO,2° DOSE,30408
1189,PIRASSUNUNGA,2° DOSE,27595
1190,AMPARO,2° DOSE,27710
1191,LINS,2° DOSE,27477
1192,JABOTICABAL,2° DOSE,28498
1193,FERNANDÓPOLIS,2° DOSE,31662
1194,SÃO SEBASTIÃO,2° DOSE,26186
1195,ITAPIRA,2° DOSE,29083
1196,ARUJÁ,2° DOSE,27488
1197,CAJAMAR,2° DOSE,25795
1198,LORENA,2° DOSE,29692
1199,MAIRIPORÃ,2° DOSE,27671
1200,CAÇAPAVA,2° DOSE,28919
1201,UBATUBA,2° DOSE,29051
1202,MATÃO,2° DOSE,32416
1203,CAIEIRAS,2° DOSE,31214
1204,MOGI MIRIM,2° DOSE,33358
1205,AVARÉ,2° DOSE,34896
1206,ITAPEVA,2° DOSE,37121
1207,SÃO JOÃO DA BOA VISTA,2° DOSE,37951
1208,PAULÍNIA,2° DOSE,34097
1209,POÁ,2° DOSE,34379
1210,VOTUPORANGA,2° DOSE,37667
1211,VÁRZEA PAULISTA,2° DOSE,35123
1212,LEME,2° DOSE,40489
1213,JANDIRA,2° DOSE,34326
1214,VOTORANTIM,2° DOSE,36642
1215,ASSIS,2° DOSE,41346
1216,CUBATÃO,2° DOSE,34763
1217,ITANHAÉM,2° DOSE,41507
1218,RIBEIRÃO PIRES,2° DOSE,34204
1219,OURINHOS,2° DOSE,41434
1220,BIRIGUI,2° DOSE,38059
1221,SALTO,2° DOSE,40527
1222,TATUÍ,2° DOSE,42861
1223,ITATIBA,2° DOSE,45328
1224,CARAGUATATUBA,2° DOSE,48817
1225,GUARATINGUETÁ,2° DOSE,46842
1226,SERTÃOZINHO,2° DOSE,43940
1227,BARRETOS,2° DOSE,48140
1228,CATANDUVA,2° DOSE,50912
1229,VALINHOS,2° DOSE,48608
1230,JAÚ,2° DOSE,44625
1231,ARARAS,2° DOSE,49048
1232,ATIBAIA,2° DOSE,46492
1233,SANTANA DE PARNAÍBA,2° DOSE,50837
1234,MOGI GUAÇU,2° DOSE,51177
1235,ITAPECERICA DA SERRA,2° DOSE,52698
1236,FRANCO DA ROCHA,2° DOSE,49762
1237,FRANCISCO MORATO,2° DOSE,50097
1238,FERRAZ DE VASCONCELOS,2° DOSE,47098
1239,PINDAMONHANGABA,2° DOSE,53250
1240,ITAPETININGA,2° DOSE,56417
1241,ITU,2° DOSE,58614
1242,SÃO CAETANO DO SUL,2° DOSE,77866
1243,SANTA BÁRBARA D'OESTE,2° DOSE,63441
1244,BRAGANÇA PAULISTA,2° DOSE,70995
1245,ITAPEVI,2° DOSE,59330
1246,ARAÇATUBA,2° DOSE,81049
1247,RIO CLARO,2° DOSE,83947
1248,HORTOLÂNDIA,2° DOSE,66982
1249,BOTUCATU,2° DOSE,112258
1250,JACAREÍ,2° DOSE,83061
1251,COTIA,2° DOSE,83656
1252,PRESIDENTE PRUDENTE,2° DOSE,87594
1253,EMBU DAS ARTES,2° DOSE,80183
1254,AMERICANA,2° DOSE,88823
1255,MARÍLIA,2° DOSE,95183
1256,ARARAQUARA,2° DOSE,90222
1257,SUMARÉ,2° DOSE,81349
1258,TABOÃO DA SERRA,2° DOSE,81978
1259,SUZANO,2° DOSE,79077
1260,SÃO CARLOS,2° DOSE,89168
1261,BARUERI,2° DOSE,97270
1262,INDAIATUBA,2° DOSE,102823
1263,GUARUJÁ,2° DOSE,89074
1264,LIMEIRA,2° DOSE,92264
1265,ITAQUAQUECETUBA,2° DOSE,81736
1266,TAUBATÉ,2° DOSE,108039
1267,SÃO VICENTE,2° DOSE,109180
1268,PRAIA GRANDE,2° DOSE,127396
1269,FRANCA,2° DOSE,121303
1270,CARAPICUÍBA,2° DOSE,120424
1271,BAURU,2° DOSE,138857
1272,MAUÁ,2° DOSE,124631
1273,DIADEMA,2° DOSE,129312
1274,PIRACICABA,2° DOSE,142736
1275,MOGI DAS CRUZES,2° DOSE,138190
1276,JUNDIAÍ,2° DOSE,167765
1277,SANTOS,2° DOSE,201756
1278,SÃO JOSÉ DO RIO PRETO,2° DOSE,201751
1279,SOROCABA,2° DOSE,172635
1280,OSASCO,2° DOSE,226001
1281,RIBEIRÃO PRETO,2° DOSE,248177
1282,SANTO ANDRÉ,2° DOSE,246019
1283,SÃO JOSÉ DOS CAMPOS,2° DOSE,276029
1284,SÃO BERNARDO DO CAMPO,2° DOSE,311387
1285,CAMPINAS,2° DOSE,458407
1286,GUARULHOS,2° DOSE,384195
1287,SÃO PAULO,2° DOSE,4855010
1288,BORÁ,1° DOSE,784
1289,NOVA CASTILHO,1° DOSE,850
1290,URU,1° DOSE,1104
1291,UNIÃO PAULISTA,1° DOSE,1290
1292,TRABIJU,1° DOSE,1322
1293,FERNÃO,1° DOSE,1324
1294,SANTA SALETE,1° DOSE,1347
1295,FLORA RICA,1° DOSE,1253
1296,SANTANA DA PONTE PENSA,1° DOSE,1259
1297,DIRCE REIS,1° DOSE,1401
1298,VITÓRIA BRASIL,1° DOSE,1454
1299,SÃO JOÃO DE IRACEMA,1° DOSE,1463
1300,MESÓPOLIS,1° DOSE,1463
1301,PAULISTÂNIA,1° DOSE,1542
1302,ASPÁSIA,1° DOSE,1541
1303,TURIÚBA,1° DOSE,1471
1304,ARCO-ÍRIS,1° DOSE,1579
1305,SANTA CRUZ DA ESPERANÇA,1° DOSE,1593
1306,MARINÓPOLIS,1° DOSE,1526
1307,GUARANI D'OESTE,1° DOSE,1634
1308,SAGRES,1° DOSE,1810
1309,NOVA CANAÃ PAULISTA,1° DOSE,1637
1310,MONÇÕES,1° DOSE,1668
1311,TURMALINA,1° DOSE,1595
1312,CRUZÁLIA,1° DOSE,1653
1313,SÃO JOÃO DO PAU D'ALHO,1° DOSE,1735
1314,BOREBI,1° DOSE,1806
1315,EMBAÚBA,1° DOSE,1761
1316,ARAPEÍ,1° DOSE,1810
1317,DOLCINÓPOLIS,1° DOSE,1791
1318,LUCIANÓPOLIS,1° DOSE,1889
1319,NOVA GUATAPORANGA,1° DOSE,1796
1320,RIBEIRÃO DOS ÍNDIOS,1° DOSE,1738
1321,BENTO DE ABREU,1° DOSE,1926
1322,SANTA CLARA D'OESTE,1° DOSE,1843
1323,LOURDES,1° DOSE,1713
1324,BREJO ALEGRE,1° DOSE,1933
1325,ÓLEO,1° DOSE,1991
1326,SÃO JOÃO DAS DUAS PONTES,1° DOSE,1955
1327,TORRE DE PEDRA,1° DOSE,2032
1328,PARISI,1° DOSE,1927
1329,TAQUARAL,1° DOSE,2046
1330,ZACARIAS,1° DOSE,1950
1331,PONTES GESTAL,1° DOSE,1928
1332,OSCAR BRESSANE,1° DOSE,1969
1333,RUBIÁCEA,1° DOSE,2179
1334,ALVINLÂNDIA,1° DOSE,2179
1335,CÁSSIA DOS COQUEIROS,1° DOSE,2159
1336,LUTÉCIA,1° DOSE,2063
1337,GABRIEL MONTEIRO,1° DOSE,2134
1338,NANTES,1° DOSE,2182
1339,TIMBURI,1° DOSE,2157
1340,ESTRELA DO NORTE,1° DOSE,2063
1341,NOVA LUZITÂNIA,1° DOSE,2353
1342,PEDRANÓPOLIS,1° DOSE,2165
1343,SANTA MERCEDES,1° DOSE,2401
1344,SANTA RITA D'OESTE,1° DOSE,2165
1345,MOMBUCA,1° DOSE,2531
1346,SANTO EXPEDITO,1° DOSE,2410
1347,JUMIRIM,1° DOSE,2557
1348,SÃO FRANCISCO,1° DOSE,2344
1349,QUEIROZ,1° DOSE,2483
1350,RIBEIRA,1° DOSE,2599
1351,JERIQUARA,1° DOSE,2437
1352,ELISIÁRIO,1° DOSE,2439
1353,CÂNDIDO RODRIGUES,1° DOSE,2340
1354,MAGDA,1° DOSE,2529
1355,BOM SUCESSO DE ITARARÉ,1° DOSE,2698
1356,PLATINA,1° DOSE,2522
1357,PIQUEROBI,1° DOSE,2538
1358,PEDRINHAS PAULISTA,1° DOSE,2430
1359,MARAPOAMA,1° DOSE,2438
1360,ITAJU,1° DOSE,2582
1361,ITAOCA,1° DOSE,2535
1362,FLOREAL,1° DOSE,2383
1363,MIRA ESTRELA,1° DOSE,2370
1364,SUZANÁPOLIS,1° DOSE,2646
1365,EMILIANÓPOLIS,1° DOSE,2445
1366,ALTAIR,1° DOSE,2680
1367,CORUMBATAÍ,1° DOSE,2800
1368,MARIÁPOLIS,1° DOSE,2734
1369,QUADRA,1° DOSE,2765
1370,GASTÃO VIDIGAL,1° DOSE,2716
1371,AREIAS,1° DOSE,2902
1372,BARÃO DE ANTONINA,1° DOSE,2753
1373,PONGAÍ,1° DOSE,2677
1374,RUBINÉIA,1° DOSE,2646
1375,SARUTAIÁ,1° DOSE,2813
1376,IPORANGA,1° DOSE,2734
1377,PRACINHA,1° DOSE,2732
1378,INÚBIA PAULISTA,1° DOSE,2877
1379,SEBASTIANÓPOLIS DO SUL,1° DOSE,2721
1380,SANDOVALINA,1° DOSE,2830
1381,ITAPIRAPUÃ PAULISTA,1° DOSE,3087
1382,PONTALINDA,1° DOSE,3053
1383,RIFAINA,1° DOSE,2904
1384,REDENÇÃO DA SERRA,1° DOSE,2946
1385,SÃO JOSÉ DO BARREIRO,1° DOSE,3087
1386,PRESIDENTE ALVES,1° DOSE,2942
1387,MURUTINGA DO SUL,1° DOSE,2958
1388,CAIABU,1° DOSE,3020
1389,CABRÁLIA PAULISTA,1° DOSE,3167
1390,ITAPURA,1° DOSE,3130
1391,ANHUMAS,1° DOSE,3072
1392,MOTUCA,1° DOSE,3255
1393,NOVAIS,1° DOSE,3295
1394,LUPÉRCIO,1° DOSE,3199
1395,SANTÓPOLIS DO AGUAPEÍ,1° DOSE,3035
1396,ALTO ALEGRE,1° DOSE,3105
1397,TEJUPÁ,1° DOSE,3271
1398,MACEDÔNIA,1° DOSE,3030
1399,ÁLVARES FLORENCE,1° DOSE,3125
1400,PARANAPUÃ,1° DOSE,3247
1401,CANAS,1° DOSE,3344
1402,MERIDIANO,1° DOSE,3191
1403,JOÃO RAMALHO,1° DOSE,3204
1404,BURITIZAL,1° DOSE,3289
1405,ESPÍRITO SANTO DO TURVO,1° DOSE,3348
1406,MONTE CASTELO,1° DOSE,3186
1407,MONTEIRO LOBATO,1° DOSE,3389
1408,INDIAPORÃ,1° DOSE,3244
1409,GLICÉRIO,1° DOSE,3333
1410,ONDA VERDE,1° DOSE,3455
1411,ÁGUAS DE SÃO PEDRO,1° DOSE,3073
1412,FLORÍNEA,1° DOSE,3745
1413,JÚLIO MESQUITA,1° DOSE,3521
1414,RIBEIRÃO CORRENTE,1° DOSE,3581
1415,PRATÂNIA,1° DOSE,3664
1416,ANALÂNDIA,1° DOSE,3419
1417,BORACÉIA,1° DOSE,3546
1418,CAMPOS NOVOS PAULISTA,1° DOSE,3572
1419,ADOLFO,1° DOSE,3399
1420,OCAUÇU,1° DOSE,3360
1421,UBIRAJARA,1° DOSE,3766
1422,NIPOÃ,1° DOSE,3710
1423,GAVIÃO PEIXOTO,1° DOSE,3663
1424,PLANALTO,1° DOSE,3447
1425,GUZOLÂNDIA,1° DOSE,3383
1426,NOVA INDEPENDÊNCIA,1° DOSE,3903
1427,POPULINA,1° DOSE,3377
1428,SANTA CRUZ DA CONCEIÇÃO,1° DOSE,3305
1429,LUIZIÂNIA,1° DOSE,3775
1430,CANITAR,1° DOSE,3801
1431,SALMOURÃO,1° DOSE,3836
1432,TAQUARIVAÍ,1° DOSE,3944
1433,RIBEIRÃO DO SUL,1° DOSE,3521
1434,SANTA MARIA DA SERRA,1° DOSE,4096
1435,MIRASSOLÂNDIA,1° DOSE,3871
1436,AVAÍ,1° DOSE,3939
1437,CORONEL MACEDO,1° DOSE,3567
1438,APARECIDA D'OESTE,1° DOSE,3536
1439,BARRA DO CHAPÉU,1° DOSE,3859
1440,MARABÁ PAULISTA,1° DOSE,4110
1441,ALFREDO MARCONDES,1° DOSE,3687
1442,GUAIMBÊ,1° DOSE,3841
1443,INDIANA,1° DOSE,3679
1444,BRAÚNA,1° DOSE,3986
1445,NARANDIBA,1° DOSE,3915
1446,SABINO,1° DOSE,3965
1447,JAMBEIRO,1° DOSE,4352
1448,ARAMINA,1° DOSE,4060
1449,UBARANA,1° DOSE,4220
1450,TACIBA,1° DOSE,4264
1451,IPIGUÁ,1° DOSE,4227
1452,PIACATU,1° DOSE,4097
1453,SANTA ERNESTINA,1° DOSE,4175
1454,LAGOINHA,1° DOSE,3996
1455,LAVRINHAS,1° DOSE,4659
1456,COROADOS,1° DOSE,4105
1457,RIVERSUL,1° DOSE,4343
1458,ALAMBARI,1° DOSE,4315
1459,ITIRAPUÃ,1° DOSE,4373
1460,GUARANTÃ,1° DOSE,4633
1461,BARBOSA,1° DOSE,4705
1462,BALBINOS,1° DOSE,4467
1463,PARAÍSO,1° DOSE,4490
1464,TAIAÇU,1° DOSE,4609
1465,CAMPINA DO MONTE ALEGRE,1° DOSE,4715
1466,AMÉRICO DE CAMPOS,1° DOSE,4528
1467,ANHEMBI,1° DOSE,4818
1468,TUIUTI,1° DOSE,4944
1469,FERNANDO PRESTES,1° DOSE,4447
1470,ÁLVARO DE CARVALHO,1° DOSE,5215
1471,ECHAPORÃ,1° DOSE,4738
1472,COLÔMBIA,1° DOSE,5047
1473,ARANDU,1° DOSE,4922
1474,ORIENTE,1° DOSE,4704
1475,SILVEIRAS,1° DOSE,4790
1476,MENDONÇA,1° DOSE,4736
1477,PEDRA BELA,1° DOSE,4766
1478,SANTO ANTÔNIO DO JARDIM,1° DOSE,4668
1479,IPEÚNA,1° DOSE,4830
1480,ÁGUAS DE SANTA BÁRBARA,1° DOSE,4843
1481,PARDINHO,1° DOSE,4849
1482,TRÊS FRONTEIRAS,1° DOSE,5013
1483,ORINDIÚVA,1° DOSE,4787
1484,JABORANDI,1° DOSE,4771
1485,POLONI,1° DOSE,4668
1486,SANTO ANTÔNIO DO PINHAL,1° DOSE,5053
1487,IACRI,1° DOSE,4885
1488,RESTINGA,1° DOSE,5065
1489,SANTA ALBERTINA,1° DOSE,4775
1490,SALES,1° DOSE,4833
1491,QUINTANA,1° DOSE,4915
1492,TAIÚVA,1° DOSE,5162
1493,NATIVIDADE DA SERRA,1° DOSE,5528
1494,GUATAPARÁ,1° DOSE,5269
1495,TARABAI,1° DOSE,5221
1496,IBIRAREMA,1° DOSE,5138
1497,GÁLIA,1° DOSE,5143
1498,NOVA ALIANÇA,1° DOSE,5264
1499,LINDÓIA,1° DOSE,5296
1500,OURO VERDE,1° DOSE,5798
1501,BARRA DO TURVO,1° DOSE,5514
1502,PAULICÉIA,1° DOSE,5538
1503,IRAPUÃ,1° DOSE,5233
1504,SÃO JOSÉ DA BELA VISTA,1° DOSE,5418
1505,NUPORANGA,1° DOSE,5485
1506,CAIUÁ,1° DOSE,6047
1507,CLEMENTINA,1° DOSE,5289
1508,SÃO PEDRO DO TURVO,1° DOSE,5418
1509,SUD MENNUCCI,1° DOSE,5576
1510,SANTA LÚCIA,1° DOSE,5979
1511,SANTO ANTÔNIO DA ALEGRIA,1° DOSE,5465
1512,ITOBI,1° DOSE,5602
1513,SANTO ANTÔNIO DO ARACANGUÁ,1° DOSE,5794
1514,JACI,1° DOSE,5628
1515,ICÉM,1° DOSE,5964
1516,EUCLIDES DA CUNHA PAULISTA,1° DOSE,5865
1517,RIBEIRÃO GRANDE,1° DOSE,5900
1518,BILAC,1° DOSE,5839
1519,VISTA ALEGRE DO ALTO,1° DOSE,6112
1520,DOBRADA,1° DOSE,6215
1521,PEREIRAS,1° DOSE,5958
1522,MACAUBAL,1° DOSE,5629
1523,TAPIRAÍ,1° DOSE,5751
1524,CATIGUÁ,1° DOSE,5737
1525,SALTINHO,1° DOSE,6220
1526,HERCULÂNDIA,1° DOSE,6368
1527,CRISTAIS PAULISTA,1° DOSE,6467
1528,ÁGUAS DA PRATA,1° DOSE,6137
1529,GUARAÇAÍ,1° DOSE,5978
1530,NOVA CAMPINA,1° DOSE,6790
1531,MONTE ALEGRE DO SUL,1° DOSE,6188
1532,SALTO GRANDE,1° DOSE,6537
1533,IARAS,1° DOSE,6832
1534,COSMORAMA,1° DOSE,5892
1535,IRAPURU,1° DOSE,6477
1536,ARIRANHA,1° DOSE,6226
1537,AREALVA,1° DOSE,6614
1538,PAULO DE FARIA,1° DOSE,6522
1539,IEPÊ,1° DOSE,6218
1540,RAFARD,1° DOSE,7005
1541,TERRA ROXA,1° DOSE,6168
1542,RINCÃO,1° DOSE,7068
1543,DOURADO,1° DOSE,6838
1544,ESTRELA D'OESTE,1° DOSE,6740
1545,URÂNIA,1° DOSE,6860
1546,AREIÓPOLIS,1° DOSE,7215
1547,QUELUZ,1° DOSE,7610
1548,VARGEM,1° DOSE,7615
1549,RINÓPOLIS,1° DOSE,7205
1550,SARAPUÍ,1° DOSE,7687
1551,BÁLSAMO,1° DOSE,6903
1552,GUARACI,1° DOSE,7404
1553,PORANGABA,1° DOSE,7461
1554,DUMONT,1° DOSE,7664
1555,ROSEIRA,1° DOSE,7422
1556,PALMARES PAULISTA,1° DOSE,7006
1557,IGARATÁ,1° DOSE,7162
1558,CAJOBI,1° DOSE,7285
1559,MANDURI,1° DOSE,7416
1560,ESTIVA GERBI,1° DOSE,7487
1561,NOVA EUROPA,1° DOSE,7360
1562,CEDRAL,1° DOSE,7581
1563,PEDRO DE TOLEDO,1° DOSE,7433
1564,BOFETE,1° DOSE,7895
1565,TORRINHA,1° DOSE,7478
1566,NEVES PAULISTA,1° DOSE,7508
1567,UCHOA,1° DOSE,7311
1568,PALMEIRA D'OESTE,1° DOSE,7338
1569,BANANAL,1° DOSE,7941
1570,REGINÓPOLIS,1° DOSE,8010
1571,GUAIÇARA,1° DOSE,8351
1572,SÃO SEBASTIÃO DA GRAMA,1° DOSE,8389
1573,OUROESTE,1° DOSE,7949
1574,VERA CRUZ,1° DOSE,7905
1575,RIOLÂNDIA,1° DOSE,8819
1576,IACANGA,1° DOSE,8211
1577,GETULINA,1° DOSE,8389
1578,GENERAL SALGADO,1° DOSE,8124
1579,SALES OLIVEIRA,1° DOSE,8416
1580,SÃO BENTO DO SAPUCAÍ,1° DOSE,8244
1581,SETE BARRAS,1° DOSE,8565
1582,PARAPUÃ,1° DOSE,8126
1583,NHANDEARA,1° DOSE,8180
1584,SÃO LUIZ DO PARAITINGA,1° DOSE,8676
1585,ILHA COMPRIDA,1° DOSE,8504
1586,PALESTINA,1° DOSE,8689
1587,MINEIROS DO TIETÊ,1° DOSE,9116
1588,CANANÉIA,1° DOSE,8959
1589,BOCAINA,1° DOSE,8744
1590,AVANHANDAVA,1° DOSE,9058
1591,PIRANGI,1° DOSE,8611
1592,CHAVANTES,1° DOSE,9134
1593,RIBEIRÃO BONITO,1° DOSE,8910
1594,TAGUAÍ,1° DOSE,9498
1595,IBIRÁ,1° DOSE,9186
1596,CARDOSO,1° DOSE,9234
1597,LUÍS ANTÔNIO,1° DOSE,9881
1598,TAPIRATIBA,1° DOSE,9555
1599,LAVÍNIA,1° DOSE,9720
1600,BERNARDINO DE CAMPOS,1° DOSE,9862
1601,TABAPUÃ,1° DOSE,9003
1602,ELDORADO,1° DOSE,9322
1603,PIQUETE,1° DOSE,9674
1604,FLÓRIDA PAULISTA,1° DOSE,9678
1605,DIVINOLÂNDIA,1° DOSE,9364
1606,VALENTIM GENTIL,1° DOSE,10009
1607,QUATÁ,1° DOSE,9837
1608,ITAPUÍ,1° DOSE,9809
1609,SANTA BRANCA,1° DOSE,10348
1610,AURIFLAMA,1° DOSE,10245
1611,JOANÓPOLIS,1° DOSE,10440
1612,BOA ESPERANÇA DO SUL,1° DOSE,10409
1613,PANORAMA,1° DOSE,10827
1614,MORUNGABA,1° DOSE,10778
1615,DUARTINA,1° DOSE,9924
1616,ITARIRI,1° DOSE,10678
1617,IPAUSSU,1° DOSE,10419
1618,MARACAÍ,1° DOSE,10257
1619,SANTA ADÉLIA,1° DOSE,10857
1620,ITAPORANGA,1° DOSE,11018
1621,SÃO SIMÃO,1° DOSE,11118
1622,SÃO LOURENÇO DA SERRA,1° DOSE,10695
1623,SEVERÍNIA,1° DOSE,11407
1624,SERRA AZUL,1° DOSE,11456
1625,PIRATININGA,1° DOSE,11064
1626,URUPÊS,1° DOSE,10582
1627,TARUMÃ,1° DOSE,10811
1628,TABATINGA,1° DOSE,11473
1629,IPUÃ,1° DOSE,11434
1630,RIBEIRÃO BRANCO,1° DOSE,11324
1631,PATROCÍNIO PAULISTA,1° DOSE,10773
1632,PINHALZINHO,1° DOSE,11400
1633,FARTURA,1° DOSE,11447
1634,ALUMÍNIO,1° DOSE,12080
1635,JACUPIRANGA,1° DOSE,11413
1636,PINDORAMA,1° DOSE,11433
1637,PACAEMBU,1° DOSE,13287
1638,HOLAMBRA,1° DOSE,11805
1639,CHARQUEADA,1° DOSE,11923
1640,CAFELÂNDIA,1° DOSE,12480
1641,GUAREÍ,1° DOSE,12717
1642,GUAPIARA,1° DOSE,12850
1643,ELIAS FAUSTO,1° DOSE,12913
1644,BORBOREMA,1° DOSE,11704
1645,MIRANTE DO PARANAPANEMA,1° DOSE,12255
1646,PEDREGULHO,1° DOSE,12337
1647,PIRAPORA DO BOM JESUS,1° DOSE,13547
1648,ITAJOBI,1° DOSE,12508
1649,POTIRENDABA,1° DOSE,12654
1650,ITIRAPINA,1° DOSE,13349
1651,JUQUIÁ,1° DOSE,13011
1652,SALESÓPOLIS,1° DOSE,12893
1653,MACATUBA,1° DOSE,12853
1654,PARAIBUNA,1° DOSE,12782
1655,CONCHAS,1° DOSE,12655
1656,PRESIDENTE BERNARDES,1° DOSE,12830
1657,ALTINÓPOLIS,1° DOSE,12716
1658,ROSANA,1° DOSE,13008
1659,CESÁRIO LANGE,1° DOSE,13675
1660,COLINA,1° DOSE,13640
1661,TUPI PAULISTA,1° DOSE,13345
1662,BURITAMA,1° DOSE,12796
1663,ITATINGA,1° DOSE,13566
1664,PRADÓPOLIS,1° DOSE,13566
1665,CASTILHO,1° DOSE,14486
1666,BURI,1° DOSE,14656
1667,CACONDE,1° DOSE,13733
1668,ENGENHEIRO COELHO,1° DOSE,14509
1669,VIRADOURO,1° DOSE,13516
1670,SANTO ANASTÁCIO,1° DOSE,13970
1671,MONTE AZUL PAULISTA,1° DOSE,13841
1672,GUARÁ,1° DOSE,14505
1673,NAZARÉ PAULISTA,1° DOSE,13832
1674,BADY BASSITT,1° DOSE,13842
1675,ITABERÁ,1° DOSE,14135
1676,ARAÇARIGUAMA,1° DOSE,15177
1677,MIRACATU,1° DOSE,14059
1678,PARANAPANEMA,1° DOSE,14599
1679,PIRAJUÍ,1° DOSE,15624
1680,PARIQUERA-AÇU,1° DOSE,14781
1681,MIGUELÓPOLIS,1° DOSE,15312
1682,CAPELA DO ALTO,1° DOSE,17104
1683,ÁGUAS DE LINDÓIA,1° DOSE,14992
1684,NOVA GRANADA,1° DOSE,14954
1685,POTIM,1° DOSE,17071
1686,TEODORO SAMPAIO,1° DOSE,16317
1687,GUAPIAÇU,1° DOSE,15845
1688,JUNQUEIRÓPOLIS,1° DOSE,15674
1689,REGENTE FEIJÓ,1° DOSE,15141
1690,LUCÉLIA,1° DOSE,16255
1691,IRACEMÁPOLIS,1° DOSE,16665
1692,POMPÉIA,1° DOSE,16162
1693,CERQUEIRA CÉSAR,1° DOSE,17097
1694,SANTA GERTRUDES,1° DOSE,16759
1695,TAMBAÚ,1° DOSE,16266
1696,SANTO ANTÔNIO DE POSSE,1° DOSE,17378
1697,IGARAÇU DO TIETÊ,1° DOSE,17463
1698,ANGATUBA,1° DOSE,17457
1699,BASTOS,1° DOSE,16843
1700,CUNHA,1° DOSE,16874
1701,PALMITAL,1° DOSE,16632
1702,CORDEIRÓPOLIS,1° DOSE,17439
1703,APIAÍ,1° DOSE,17914
1704,BOM JESUS DOS PERDÕES,1° DOSE,17828
1705,BRODOWSKI,1° DOSE,18445
1706,BROTAS,1° DOSE,18347
1707,VALPARAÍSO,1° DOSE,18544
1708,ÁLVARES MACHADO,1° DOSE,18355
1709,SANTA ROSA DE VITERBO,1° DOSE,18636
1710,MONTE APRAZÍVEL,1° DOSE,17386
1711,CAJURU,1° DOSE,18396
1712,PIRAPOZINHO,1° DOSE,19041
1713,DOIS CÓRREGOS,1° DOSE,19154
1714,TAQUARITUBA,1° DOSE,19730
1715,PEREIRA BARRETO,1° DOSE,18508
1716,CONCHAL,1° DOSE,19590
1717,ITAÍ,1° DOSE,19694
1718,CAJATI,1° DOSE,19991
1719,MARTINÓPOLIS,1° DOSE,20025
1720,RIO GRANDE DA SERRA,1° DOSE,24586
1721,JUQUITIBA,1° DOSE,21732
1722,ILHA SOLTEIRA,1° DOSE,19945
1723,PIRACAIA,1° DOSE,21784
1724,TANABI,1° DOSE,19777
1725,BARRINHA,1° DOSE,22234
1726,IGARAPAVA,1° DOSE,20165
1727,SANTA CRUZ DAS PALMEIRAS,1° DOSE,22121
1728,MORRO AGUDO,1° DOSE,21063
1729,BIRITIBA MIRIM,1° DOSE,21764
1730,MIRANDÓPOLIS,1° DOSE,22747
1731,SÃO MIGUEL ARCANJO,1° DOSE,22557
1732,SANTA RITA DO PASSA QUATRO,1° DOSE,20876
1733,PILAR DO SUL,1° DOSE,21947
1734,IPERÓ,1° DOSE,23933
1735,IGUAPE,1° DOSE,22062
1736,LARANJAL PAULISTA,1° DOSE,21692
1737,CASA BRANCA,1° DOSE,22315
1738,RANCHARIA,1° DOSE,22308
1739,CACHOEIRA PAULISTA,1° DOSE,23000
1740,RIO DAS PEDRAS,1° DOSE,23778
1741,JARINU,1° DOSE,23355
1742,SERRA NEGRA,1° DOSE,22429
1743,GUARARAPES,1° DOSE,23699
1744,IBATÉ,1° DOSE,24907
1745,GUARAREMA,1° DOSE,23763
1746,PIRAJU,1° DOSE,23350
1747,ARAÇOIABA DA SERRA,1° DOSE,24146
1748,PITANGUEIRAS,1° DOSE,25092
1749,CÂNDIDO MOTA,1° DOSE,22629
1750,SÃO PEDRO,1° DOSE,25425
1751,AGUAÍ,1° DOSE,24902
1752,CRAVINHOS,1° DOSE,25783
1753,OSVALDO CRUZ,1° DOSE,24731
1754,BARIRI,1° DOSE,24104
1755,AMÉRICO BRASILIENSE,1° DOSE,25898
1756,APARECIDA,1° DOSE,25370
1757,PROMISSÃO,1° DOSE,26463
1758,GUARIBA,1° DOSE,27081
1759,BARRA BONITA,1° DOSE,27487
1760,ILHABELA,1° DOSE,28790
1761,SANTA FÉ DO SUL,1° DOSE,26769
1762,DESCALVADO,1° DOSE,25938
1763,SÃO MANUEL,1° DOSE,27792
1764,AGUDOS,1° DOSE,28331
1765,JOSÉ BONIFÁCIO,1° DOSE,27701
1766,ADAMANTINA,1° DOSE,27758
1767,TIETÊ,1° DOSE,29730
1768,ORLÂNDIA,1° DOSE,28812
1769,PRESIDENTE VENCESLAU,1° DOSE,27936
1770,GUAÍRA,1° DOSE,30325
1771,PONTAL,1° DOSE,29692
1772,PRESIDENTE EPITÁCIO,1° DOSE,29919
1773,ITUVERAVA,1° DOSE,29048
1774,JARDINÓPOLIS,1° DOSE,31955
1775,NOVO HORIZONTE,1° DOSE,30244
1776,PEDERNEIRAS,1° DOSE,32588
1777,VARGEM GRANDE DO SUL,1° DOSE,32132
1778,SOCORRO,1° DOSE,32119
1779,ITÁPOLIS,1° DOSE,31949
1780,VARGEM GRANDE PAULISTA,1° DOSE,34585
1781,GARÇA,1° DOSE,32310
1782,LOUVEIRA,1° DOSE,33870
1783,SALTO DE PIRAPORA,1° DOSE,32284
1784,ESPÍRITO SANTO DO PINHAL,1° DOSE,32721
1785,CAPÃO BONITO,1° DOSE,34327
1786,PARAGUAÇU PAULISTA,1° DOSE,33102
1787,PEDREIRA,1° DOSE,34017
1788,CABREÚVA,1° DOSE,37186
1789,ITARARÉ,1° DOSE,33943
1790,TREMEMBÉ,1° DOSE,36943
1791,CERQUILHO,1° DOSE,35071
1792,DRACENA,1° DOSE,35793
1793,CAMPOS DO JORDÃO,1° DOSE,37864
1794,SÃO JOAQUIM DA BARRA,1° DOSE,36948
1795,SANTA CRUZ DO RIO PARDO,1° DOSE,36548
1796,CAPIVARI,1° DOSE,38123
1797,ARTUR NOGUEIRA,1° DOSE,38800
1798,SANTA ISABEL,1° DOSE,39210
1799,MAIRINQUE,1° DOSE,39313
1800,MONTE ALTO,1° DOSE,38162
1801,PIEDADE,1° DOSE,39548
1802,PORTO FELIZ,1° DOSE,38794
1803,COSMÓPOLIS,1° DOSE,41601
1804,JALES,1° DOSE,38734
1805,ITUPEVA,1° DOSE,42599
1806,NOVA ODESSA,1° DOSE,42660
1807,PORTO FERREIRA,1° DOSE,41156
1808,MONGAGUÁ,1° DOSE,41052
1809,REGISTRO,1° DOSE,42055
1810,BOITUVA,1° DOSE,42852
1811,OLÍMPIA,1° DOSE,41921
1812,SERRANA,1° DOSE,34001
1813,ANDRADINA,1° DOSE,43460
1814,SÃO JOSÉ DO RIO PARDO,1° DOSE,41387
1815,JAGUARIÚNA,1° DOSE,44150
1816,TAQUARITINGA,1° DOSE,40817
1817,MONTE MOR,1° DOSE,46502
1818,IBITINGA,1° DOSE,43461
1819,EMBU-GUAÇU,1° DOSE,46411
1820,BERTIOGA,1° DOSE,47779
1821,BATATAIS,1° DOSE,44468
1822,PENÁPOLIS,1° DOSE,46273
1823,IBIÚNA,1° DOSE,51713
1824,MIRASSOL,1° DOSE,46953
1825,PERUÍBE,1° DOSE,48496
1826,LENÇÓIS PAULISTA,1° DOSE,49544
1827,TUPÃ,1° DOSE,50944
1828,MOCOCA,1° DOSE,53057
1829,SÃO ROQUE,1° DOSE,58956
1830,VINHEDO,1° DOSE,55341
1831,CRUZEIRO,1° DOSE,56447
1832,CAMPO LIMPO PAULISTA,1° DOSE,56668
1833,BEBEDOURO,1° DOSE,52044
1834,PIRASSUNUNGA,1° DOSE,55991
1835,AMPARO,1° DOSE,56037
1836,LINS,1° DOSE,57003
1837,JABOTICABAL,1° DOSE,56007
1838,FERNANDÓPOLIS,1° DOSE,55287
1839,SÃO SEBASTIÃO,1° DOSE,60673
1840,ITAPIRA,1° DOSE,58865
1841,ARUJÁ,1° DOSE,63321
1842,CAJAMAR,1° DOSE,65406
1843,LORENA,1° DOSE,62791
1844,MAIRIPORÃ,1° DOSE,65437
1845,CAÇAPAVA,1° DOSE,66163
1846,UBATUBA,1° DOSE,66807
1847,MATÃO,1° DOSE,64056
1848,CAIEIRAS,1° DOSE,69139
1849,MOGI MIRIM,1° DOSE,71353
1850,AVARÉ,1° DOSE,71049
1851,ITAPEVA,1° DOSE,69795
1852,SÃO JOÃO DA BOA VISTA,1° DOSE,72473
1853,PAULÍNIA,1° DOSE,76811
1854,POÁ,1° DOSE,76850
1855,VOTUPORANGA,1° DOSE,75257
1856,VÁRZEA PAULISTA,1° DOSE,77652
1857,LEME,1° DOSE,73232
1858,JANDIRA,1° DOSE,79692
1859,VOTORANTIM,1° DOSE,77575
1860,ASSIS,1° DOSE,76884
1861,CUBATÃO,1° DOSE,84784
1862,ITANHAÉM,1° DOSE,82144
1863,RIBEIRÃO PIRES,1° DOSE,88293
1864,OURINHOS,1° DOSE,82279
1865,BIRIGUI,1° DOSE,86990
1866,SALTO,1° DOSE,89994
1867,TATUÍ,1° DOSE,90616
1868,ITATIBA,1° DOSE,88593
1869,CARAGUATATUBA,1° DOSE,86365
1870,GUARATINGUETÁ,1° DOSE,90113
1871,SERTÃOZINHO,1° DOSE,93247
1872,BARRETOS,1° DOSE,92408
1873,CATANDUVA,1° DOSE,90980
1874,VALINHOS,1° DOSE,95311
1875,JAÚ,1° DOSE,103390
1876,ARARAS,1° DOSE,100492
1877,ATIBAIA,1° DOSE,108851
1878,SANTANA DE PARNAÍBA,1° DOSE,105144
1879,MOGI GUAÇU,1° DOSE,108443
1880,ITAPECERICA DA SERRA,1° DOSE,108425
1881,FRANCO DA ROCHA,1° DOSE,111321
1882,FRANCISCO MORATO,1° DOSE,119610
1883,FERRAZ DE VASCONCELOS,1° DOSE,122855
1884,PINDAMONHANGABA,1° DOSE,118817
1885,ITAPETININGA,1° DOSE,120323
1886,ITU,1° DOSE,130931
1887,SÃO CAETANO DO SUL,1° DOSE,123502
1888,SANTA BÁRBARA D'OESTE,1° DOSE,136044
1889,BRAGANÇA PAULISTA,1° DOSE,134655
1890,ITAPEVI,1° DOSE,158976
1891,ARAÇATUBA,1° DOSE,147044
1892,RIO CLARO,1° DOSE,150753
1893,HORTOLÂNDIA,1° DOSE,166445
1894,BOTUCATU,1° DOSE,131965
1895,JACAREÍ,1° DOSE,164811
1896,COTIA,1° DOSE,167279
1897,PRESIDENTE PRUDENTE,1° DOSE,178900
1898,EMBU DAS ARTES,1° DOSE,184918
1899,AMERICANA,1° DOSE,178355
1900,MARÍLIA,1° DOSE,174575
1901,ARARAQUARA,1° DOSE,179870
1902,SUMARÉ,1° DOSE,191334
1903,TABOÃO DA SERRA,1° DOSE,197972
1904,SUZANO,1° DOSE,202154
1905,SÃO CARLOS,1° DOSE,195140
1906,BARUERI,1° DOSE,195362
1907,INDAIATUBA,1° DOSE,191725
1908,GUARUJÁ,1° DOSE,211164
1909,LIMEIRA,1° DOSE,219887
1910,ITAQUAQUECETUBA,1° DOSE,229422
1911,TAUBATÉ,1° DOSE,217865
1912,SÃO VICENTE,1° DOSE,249939
1913,PRAIA GRANDE,1° DOSE,241417
1914,FRANCA,1° DOSE,254253
1915,CARAPICUÍBA,1° DOSE,282011
1916,BAURU,1° DOSE,284294
1917,MAUÁ,1° DOSE,299427
1918,DIADEMA,1° DOSE,303178
1919,PIRACICABA,1° DOSE,302074
1920,MOGI DAS CRUZES,1° DOSE,309583
1921,JUNDIAÍ,1° DOSE,310952
1922,SANTOS,1° DOSE,345974
1923,SÃO JOSÉ DO RIO PRETO,1° DOSE,357733
1924,SOROCABA,1° DOSE,437433
1925,OSASCO,1° DOSE,528319
1926,RIBEIRÃO PRETO,1° DOSE,508569
1927,SANTO ANDRÉ,1° DOSE,520850
1928,SÃO JOSÉ DOS CAMPOS,1° DOSE,535351
1929,SÃO BERNARDO DO CAMPO,1° DOSE,599707
1930,CAMPINAS,1° DOSE,827816
1931,GUARULHOS,1° DOSE,917177
1932,SÃO PAULO,1° DOSE,9676201
